{"cameraMode":{"drawMode":0,"name":"Shaded","section":"Shading Mode"},"sceneLighting":true,"audioPlay":false,"sceneViewState":{"m_AlwaysRefresh":false,"showFog":true,"showSkybox":true,"showFlares":true,"showImageEffects":true,"showParticleSystems":true,"showVisualEffectGraphs":true,"m_FxEnabled":true},"in2DMode":false,"pivot":{"x":-0.16729412972927094,"y":2.448965549468994,"z":1.5963473320007325},"rotation":{"x":-0.0020510624162852766,"y":0.8725830912590027,"z":-0.4884421229362488,"w":-0.0036641161423176529},"size":3.0172274112701418,"orthographic":false}